"Indicator","PUBLISH STATES","Year","WHO region","Country","Display Value","Numeric","Low","High","Comments"
"Malaria - number of reported deaths","Published","2009","Africa","Algeria","0","0","","",""
"Malaria - number of reported deaths","Published","2008","Africa","Algeria","0","0","","",""
"Malaria - number of reported deaths","Published","2012","Africa","Algeria","0","0","","",""
"Malaria - number of reported deaths","Published","2011","Africa","Algeria","0","0","","",""
"Malaria - number of reported deaths","Published","2001","Africa","Cabo Verde","0","0","","",""
"Malaria - number of reported deaths","Published","2012","Africa","Cabo Verde","0","0","","",""
"Malaria - number of reported deaths","Published","2010","Americas","Argentina","0","0","","",""
"Malaria - number of reported deaths","Published","2008","Americas","Argentina","0","0","","",""
"Malaria - number of reported deaths","Published","2007","Americas","Argentina","0","0","","",""
"Malaria - number of reported deaths","Published","2009","Americas","Argentina","0","0","","",""
"Malaria - number of reported deaths","Published","2012","Americas","Argentina","0","0","","",""
"Malaria - number of reported deaths","Published","2011","Americas","Argentina","0","0","","",""
"Malaria - number of reported deaths","Published","2006","Americas","Argentina","0","0","","",""
"Malaria - number of reported deaths","Published","2002","Americas","Argentina","0","0","","",""
"Malaria - number of reported deaths","Published","2001","Americas","Argentina","0","0","","",""
"Malaria - number of reported deaths","Published","2000","Americas","Argentina","0","0","","",""
"Malaria - number of reported deaths","Published","2005","Americas","Argentina","0","0","","",""
"Malaria - number of reported deaths","Published","2004","Americas","Argentina","0","0","","",""
"Malaria - number of reported deaths","Published","2002","Americas","Belize","0","0","","",""
"Malaria - number of reported deaths","Published","2001","Americas","Belize","0","0","","",""
"Malaria - number of reported deaths","Published","2005","Americas","Belize","0","0","","",""
"Malaria - number of reported deaths","Published","2000","Americas","Belize","0","0","","",""
"Malaria - number of reported deaths","Published","2009","Americas","Belize","0","0","","",""
"Malaria - number of reported deaths","Published","2008","Americas","Belize","0","0","","",""
"Malaria - number of reported deaths","Published","2007","Americas","Belize","0","0","","",""
"Malaria - number of reported deaths","Published","2012","Americas","Belize","0","0","","",""
"Malaria - number of reported deaths","Published","2011","Americas","Belize","0","0","","",""
"Malaria - number of reported deaths","Published","2010","Americas","Belize","0","0","","",""
"Malaria - number of reported deaths","Published","2007","Americas","Bolivia (Plurinational State of)","0","0","","",""
"Malaria - number of reported deaths","Published","2011","Americas","Bolivia (Plurinational State of)","0","0","","",""
"Malaria - number of reported deaths","Published","2010","Americas","Bolivia (Plurinational State of)","0","0","","",""
"Malaria - number of reported deaths","Published","2012","Americas","Bolivia (Plurinational State of)","0","0","","",""
"Malaria - number of reported deaths","Published","2008","Americas","Bolivia (Plurinational State of)","0","0","","",""
"Malaria - number of reported deaths","Published","2009","Americas","Bolivia (Plurinational State of)","0","0","","",""
"Malaria - number of reported deaths","Published","2001","Americas","Bolivia (Plurinational State of)","0","0","","",""
"Malaria - number of reported deaths","Published","2006","Americas","Bolivia (Plurinational State of)","0","0","","",""
"Malaria - number of reported deaths","Published","2005","Americas","Bolivia (Plurinational State of)","0","0","","",""
"Malaria - number of reported deaths","Published","2006","Americas","Costa Rica","0","0","","",""
"Malaria - number of reported deaths","Published","2005","Americas","Costa Rica","0","0","","",""
"Malaria - number of reported deaths","Published","2004","Americas","Costa Rica","0","0","","",""
"Malaria - number of reported deaths","Published","2008","Americas","Costa Rica","0","0","","",""
"Malaria - number of reported deaths","Published","2007","Americas","Costa Rica","0","0","","",""
"Malaria - number of reported deaths","Published","2003","Americas","Costa Rica","0","0","","",""
"Malaria - number of reported deaths","Published","2011","Americas","Costa Rica","0","0","","",""
"Malaria - number of reported deaths","Published","2010","Americas","Costa Rica","0","0","","",""
"Malaria - number of reported deaths","Published","2012","Americas","Costa Rica","0","0","","",""
"Malaria - number of reported deaths","Published","2002","Americas","Costa Rica","0","0","","",""
"Malaria - number of reported deaths","Published","2001","Americas","Costa Rica","0","0","","",""
"Malaria - number of reported deaths","Published","2000","Americas","Costa Rica","0","0","","",""
"Malaria - number of reported deaths","Published","2006","Americas","Ecuador","0","0","","",""
"Malaria - number of reported deaths","Published","2005","Americas","Ecuador","0","0","","",""
"Malaria - number of reported deaths","Published","2004","Americas","Ecuador","0","0","","",""
"Malaria - number of reported deaths","Published","2012","Americas","Ecuador","0","0","","",""
"Malaria - number of reported deaths","Published","2011","Americas","Ecuador","0","0","","",""
"Malaria - number of reported deaths","Published","2007","Americas","Ecuador","0","0","","",""
"Malaria - number of reported deaths","Published","2003","Americas","Ecuador","0","0","","",""
"Malaria - number of reported deaths","Published","2010","Americas","Ecuador","0","0","","",""
"Malaria - number of reported deaths","Published","2009","Americas","Ecuador","0","0","","",""
"Malaria - number of reported deaths","Published","2002","Americas","Ecuador","0","0","","",""
"Malaria - number of reported deaths","Published","2001","Americas","Ecuador","0","0","","",""
"Malaria - number of reported deaths","Published","2000","Americas","Ecuador","0","0","","",""
"Malaria - number of reported deaths","Published","2012","Americas","El Salvador","0","0","","",""
"Malaria - number of reported deaths","Published","2006","Americas","El Salvador","0","0","","",""
"Malaria - number of reported deaths","Published","2005","Americas","El Salvador","0","0","","",""
"Malaria - number of reported deaths","Published","2008","Americas","El Salvador","0","0","","",""
"Malaria - number of reported deaths","Published","2007","Americas","El Salvador","0","0","","",""
"Malaria - number of reported deaths","Published","2000","Americas","El Salvador","0","0","","",""
"Malaria - number of reported deaths","Published","2004","Americas","El Salvador","0","0","","",""
"Malaria - number of reported deaths","Published","2010","Americas","El Salvador","0","0","","",""
"Malaria - number of reported deaths","Published","2009","Americas","El Salvador","0","0","","",""
"Malaria - number of reported deaths","Published","2011","Americas","El Salvador","0","0","","",""
"Malaria - number of reported deaths","Published","2003","Americas","El Salvador","0","0","","",""
"Malaria - number of reported deaths","Published","2002","Americas","El Salvador","0","0","","",""
"Malaria - number of reported deaths","Published","2001","Americas","El Salvador","0","0","","",""
"Malaria - number of reported deaths","Published","2009","Americas","Guatemala","0","0","","",""
"Malaria - number of reported deaths","Published","2010","Americas","Guatemala","0","0","","",""
"Malaria - number of reported deaths","Published","2008","Americas","Guatemala","0","0","","",""
"Malaria - number of reported deaths","Published","2000","Americas","Guatemala","0","0","","",""
"Malaria - number of reported deaths","Published","2012","Americas","Guatemala","0","0","","",""
"Malaria - number of reported deaths","Published","2011","Americas","Guatemala","0","0","","",""
"Malaria - number of reported deaths","Published","2003","Americas","Guatemala","0","0","","",""
"Malaria - number of reported deaths","Published","2002","Americas","Guatemala","0","0","","",""
"Malaria - number of reported deaths","Published","2001","Americas","Guatemala","0","0","","",""
"Malaria - number of reported deaths","Published","2010","Americas","Haiti","0","0","","",""
"Malaria - number of reported deaths","Published","2012","Americas","Haiti","0","0","","",""
"Malaria - number of reported deaths","Published","2002","Americas","Honduras","0","0","","",""
"Malaria - number of reported deaths","Published","2001","Americas","Honduras","0","0","","",""
"Malaria - number of reported deaths","Published","2000","Americas","Honduras","0","0","","",""
"Malaria - number of reported deaths","Published","2004","Americas","Honduras","0","0","","",""
"Malaria - number of reported deaths","Published","2003","Americas","Honduras","0","0","","",""
"Malaria - number of reported deaths","Published","2006","Americas","Honduras","0","0","","",""
"Malaria - number of reported deaths","Published","2005","Americas","Mexico","0","0","","",""
"Malaria - number of reported deaths","Published","2004","Americas","Mexico","0","0","","",""
"Malaria - number of reported deaths","Published","2003","Americas","Mexico","0","0","","",""
"Malaria - number of reported deaths","Published","2008","Americas","Mexico","0","0","","",""
"Malaria - number of reported deaths","Published","2007","Americas","Mexico","0","0","","",""
"Malaria - number of reported deaths","Published","2006","Americas","Mexico","0","0","","",""
"Malaria - number of reported deaths","Published","2002","Americas","Mexico","0","0","","",""
"Malaria - number of reported deaths","Published","2009","Americas","Mexico","0","0","","",""
"Malaria - number of reported deaths","Published","2011","Americas","Mexico","0","0","","",""
"Malaria - number of reported deaths","Published","2010","Americas","Mexico","0","0","","",""
"Malaria - number of reported deaths","Published","2001","Americas","Mexico","0","0","","",""
"Malaria - number of reported deaths","Published","2000","Americas","Mexico","0","0","","",""
"Malaria - number of reported deaths","Published","2012","Americas","Mexico","0","0","","",""
"Malaria - number of reported deaths","Published","2007","Americas","Nicaragua","0","0","","",""
"Malaria - number of reported deaths","Published","2009","Americas","Nicaragua","0","0","","",""
"Malaria - number of reported deaths","Published","2008","Americas","Nicaragua","0","0","","",""
"Malaria - number of reported deaths","Published","2011","Americas","Panama","0","0","","",""
"Malaria - number of reported deaths","Published","2012","Americas","Panama","0","0","","",""
"Malaria - number of reported deaths","Published","2009","Americas","Panama","0","0","","",""
"Malaria - number of reported deaths","Published","2006","Americas","Paraguay","0","0","","",""
"Malaria - number of reported deaths","Published","2005","Americas","Paraguay","0","0","","",""
"Malaria - number of reported deaths","Published","2004","Americas","Paraguay","0","0","","",""
"Malaria - number of reported deaths","Published","2012","Americas","Paraguay","0","0","","",""
"Malaria - number of reported deaths","Published","2011","Americas","Paraguay","0","0","","",""
"Malaria - number of reported deaths","Published","2007","Americas","Paraguay","0","0","","",""
"Malaria - number of reported deaths","Published","2003","Americas","Paraguay","0","0","","",""
"Malaria - number of reported deaths","Published","2010","Americas","Paraguay","0","0","","",""
"Malaria - number of reported deaths","Published","2009","Americas","Paraguay","0","0","","",""
"Malaria - number of reported deaths","Published","2008","Americas","Paraguay","0","0","","",""
"Malaria - number of reported deaths","Published","2002","Americas","Paraguay","0","0","","",""
"Malaria - number of reported deaths","Published","2001","Americas","Paraguay","0","0","","",""
"Malaria - number of reported deaths","Published","2000","Americas","Paraguay","0","0","","",""
"Malaria - number of reported deaths","Published","2011","Americas","Peru","0","0","","",""
"Malaria - number of reported deaths","Published","2010","Americas","Peru","0","0","","",""
"Malaria - number of reported deaths","Published","2009","Americas","Suriname","0","0","","",""
"Malaria - number of reported deaths","Published","2012","Americas","Suriname","0","0","","",""
"Malaria - number of reported deaths","Published","2008","Americas","Suriname","0","0","","",""
"Malaria - number of reported deaths","Published","2005","Eastern Mediterranean","Afghanistan","0","0","","",""
"Malaria - number of reported deaths","Published","2012","Eastern Mediterranean","Djibouti","0","0","","",""
"Malaria - number of reported deaths","Published","2011","Eastern Mediterranean","Djibouti","0","0","","",""
"Malaria - number of reported deaths","Published","2010","Eastern Mediterranean","Djibouti","0","0","","",""
"Malaria - number of reported deaths","Published","2009","Eastern Mediterranean","Djibouti","0","0","","",""
"Malaria - number of reported deaths","Published","2011","Eastern Mediterranean","Iran (Islamic Republic of)","0","0","","",""
"Malaria - number of reported deaths","Published","2010","Eastern Mediterranean","Iran (Islamic Republic of)","0","0","","",""
"Malaria - number of reported deaths","Published","2007","Eastern Mediterranean","Iraq","0","0","","",""
"Malaria - number of reported deaths","Published","2006","Eastern Mediterranean","Iraq","0","0","","",""
"Malaria - number of reported deaths","Published","2009","Eastern Mediterranean","Iraq","0","0","","",""
"Malaria - number of reported deaths","Published","2008","Eastern Mediterranean","Iraq","0","0","","",""
"Malaria - number of reported deaths","Published","2010","Eastern Mediterranean","Iraq","0","0","","",""
"Malaria - number of reported deaths","Published","2011","Eastern Mediterranean","Iraq","0","0","","",""
"Malaria - number of reported deaths","Published","2005","Eastern Mediterranean","Iraq","0","0","","",""
"Malaria - number of reported deaths","Published","2012","Eastern Mediterranean","Iraq","0","0","","",""
"Malaria - number of reported deaths","Published","2010","Eastern Mediterranean","Saudi Arabia","0","0","","",""
"Malaria - number of reported deaths","Published","2009","Eastern Mediterranean","Saudi Arabia","0","0","","",""
"Malaria - number of reported deaths","Published","2008","Eastern Mediterranean","Saudi Arabia","0","0","","",""
"Malaria - number of reported deaths","Published","2012","Eastern Mediterranean","Saudi Arabia","0","0","","",""
"Malaria - number of reported deaths","Published","2001","Eastern Mediterranean","Saudi Arabia","0","0","","",""
"Malaria - number of reported deaths","Published","2005","Eastern Mediterranean","Saudi Arabia","0","0","","",""
"Malaria - number of reported deaths","Published","2004","Eastern Mediterranean","Saudi Arabia","0","0","","",""
"Malaria - number of reported deaths","Published","2003","Eastern Mediterranean","Saudi Arabia","0","0","","",""
"Malaria - number of reported deaths","Published","2002","Eastern Mediterranean","Saudi Arabia","0","0","","",""
"Malaria - number of reported deaths","Published","2006","Eastern Mediterranean","Saudi Arabia","0","0","","",""
"Malaria - number of reported deaths","Published","2009","Europe","Azerbaijan","0","0","","",""
"Malaria - number of reported deaths","Published","2008","Europe","Azerbaijan","0","0","","",""
"Malaria - number of reported deaths","Published","2007","Europe","Azerbaijan","0","0","","",""
"Malaria - number of reported deaths","Published","2010","Europe","Azerbaijan","0","0","","",""
"Malaria - number of reported deaths","Published","2011","Europe","Azerbaijan","0","0","","",""
"Malaria - number of reported deaths","Published","2012","Europe","Azerbaijan","0","0","","",""
"Malaria - number of reported deaths","Published","2006","Europe","Azerbaijan","0","0","","",""
"Malaria - number of reported deaths","Published","2002","Europe","Azerbaijan","0","0","","",""
"Malaria - number of reported deaths","Published","2001","Europe","Azerbaijan","0","0","","",""
"Malaria - number of reported deaths","Published","2000","Europe","Azerbaijan","0","0","","",""
"Malaria - number of reported deaths","Published","2005","Europe","Azerbaijan","0","0","","",""
"Malaria - number of reported deaths","Published","2004","Europe","Azerbaijan","0","0","","",""
"Malaria - number of reported deaths","Published","2003","Europe","Azerbaijan","0","0","","",""
"Malaria - number of reported deaths","Published","2009","Europe","Georgia","0","0","","",""
"Malaria - number of reported deaths","Published","2008","Europe","Georgia","0","0","","",""
"Malaria - number of reported deaths","Published","2007","Europe","Georgia","0","0","","",""
"Malaria - number of reported deaths","Published","2011","Europe","Georgia","0","0","","",""
"Malaria - number of reported deaths","Published","2010","Europe","Georgia","0","0","","",""
"Malaria - number of reported deaths","Published","2012","Europe","Georgia","0","0","","",""
"Malaria - number of reported deaths","Published","2006","Europe","Georgia","0","0","","",""
"Malaria - number of reported deaths","Published","2002","Europe","Georgia","0","0","","",""
"Malaria - number of reported deaths","Published","2001","Europe","Georgia","0","0","","",""
"Malaria - number of reported deaths","Published","2005","Europe","Georgia","0","0","","",""
"Malaria - number of reported deaths","Published","2004","Europe","Georgia","0","0","","",""
"Malaria - number of reported deaths","Published","2003","Europe","Georgia","0","0","","",""
"Malaria - number of reported deaths","Published","2009","Europe","Kyrgyzstan","0","0","","",""
"Malaria - number of reported deaths","Published","2008","Europe","Kyrgyzstan","0","0","","",""
"Malaria - number of reported deaths","Published","2007","Europe","Kyrgyzstan","0","0","","",""
"Malaria - number of reported deaths","Published","2010","Europe","Kyrgyzstan","0","0","","",""
"Malaria - number of reported deaths","Published","2011","Europe","Kyrgyzstan","0","0","","",""
"Malaria - number of reported deaths","Published","2012","Europe","Kyrgyzstan","0","0","","",""
"Malaria - number of reported deaths","Published","2006","Europe","Kyrgyzstan","0","0","","",""
"Malaria - number of reported deaths","Published","2002","Europe","Kyrgyzstan","0","0","","",""
"Malaria - number of reported deaths","Published","2001","Europe","Kyrgyzstan","0","0","","",""
"Malaria - number of reported deaths","Published","2000","Europe","Kyrgyzstan","0","0","","",""
"Malaria - number of reported deaths","Published","2005","Europe","Kyrgyzstan","0","0","","",""
"Malaria - number of reported deaths","Published","2004","Europe","Kyrgyzstan","0","0","","",""
"Malaria - number of reported deaths","Published","2003","Europe","Kyrgyzstan","0","0","","",""
"Malaria - number of reported deaths","Published","2009","Europe","Tajikistan","0","0","","",""
"Malaria - number of reported deaths","Published","2006","Europe","Tajikistan","0","0","","",""
"Malaria - number of reported deaths","Published","2005","Europe","Tajikistan","0","0","","",""
"Malaria - number of reported deaths","Published","2010","Europe","Tajikistan","0","0","","",""
"Malaria - number of reported deaths","Published","2011","Europe","Tajikistan","0","0","","",""
"Malaria - number of reported deaths","Published","2012","Europe","Tajikistan","0","0","","",""
"Malaria - number of reported deaths","Published","2004","Europe","Tajikistan","0","0","","",""
"Malaria - number of reported deaths","Published","2008","Europe","Tajikistan","0","0","","",""
"Malaria - number of reported deaths","Published","2007","Europe","Tajikistan","0","0","","",""
"Malaria - number of reported deaths","Published","2003","Europe","Tajikistan","0","0","","",""
"Malaria - number of reported deaths","Published","2002","Europe","Tajikistan","0","0","","",""
"Malaria - number of reported deaths","Published","2001","Europe","Tajikistan","0","0","","",""
"Malaria - number of reported deaths","Published","2010","Europe","Turkey","0","0","","",""
"Malaria - number of reported deaths","Published","2011","Europe","Turkey","0","0","","",""
"Malaria - number of reported deaths","Published","2006","Europe","Turkey","0","0","","",""
"Malaria - number of reported deaths","Published","2002","Europe","Turkey","0","0","","",""
"Malaria - number of reported deaths","Published","2001","Europe","Turkey","0","0","","",""
"Malaria - number of reported deaths","Published","2000","Europe","Turkey","0","0","","",""
"Malaria - number of reported deaths","Published","2005","Europe","Turkey","0","0","","",""
"Malaria - number of reported deaths","Published","2004","Europe","Turkey","0","0","","",""
"Malaria - number of reported deaths","Published","2003","Europe","Turkey","0","0","","",""
"Malaria - number of reported deaths","Published","2009","Europe","Uzbekistan","0","0","","",""
"Malaria - number of reported deaths","Published","2008","Europe","Uzbekistan","0","0","","",""
"Malaria - number of reported deaths","Published","2012","Europe","Uzbekistan","0","0","","",""
"Malaria - number of reported deaths","Published","2010","Europe","Uzbekistan","0","0","","",""
"Malaria - number of reported deaths","Published","2011","Europe","Uzbekistan","0","0","","",""
"Malaria - number of reported deaths","Published","2006","Europe","Uzbekistan","0","0","","",""
"Malaria - number of reported deaths","Published","2002","Europe","Uzbekistan","0","0","","",""
"Malaria - number of reported deaths","Published","2001","Europe","Uzbekistan","0","0","","",""
"Malaria - number of reported deaths","Published","2000","Europe","Uzbekistan","0","0","","",""
"Malaria - number of reported deaths","Published","2005","Europe","Uzbekistan","0","0","","",""
"Malaria - number of reported deaths","Published","2004","Europe","Uzbekistan","0","0","","",""
"Malaria - number of reported deaths","Published","2003","Europe","Uzbekistan","0","0","","",""
"Malaria - number of reported deaths","Published","2008","South-East Asia","Democratic People's Republic of Korea","0","0","","",""
"Malaria - number of reported deaths","Published","2007","South-East Asia","Democratic People's Republic of Korea","0","0","","",""
"Malaria - number of reported deaths","Published","2009","South-East Asia","Democratic People's Republic of Korea","0","0","","",""
"Malaria - number of reported deaths","Published","2010","South-East Asia","Democratic People's Republic of Korea","0","0","","",""
"Malaria - number of reported deaths","Published","2001","Africa","Algeria","1","1","","",""
"Malaria - number of reported deaths","Published","2010","Africa","Algeria","1","1","","",""
"Malaria - number of reported deaths","Published","2010","Africa","Cabo Verde","1","1","","",""
"Malaria - number of reported deaths","Published","2003","Americas","Argentina","1","1","","",""
"Malaria - number of reported deaths","Published","2006","Americas","Belize","1","1","","",""
"Malaria - number of reported deaths","Published","2004","Americas","Belize","1","1","","",""
"Malaria - number of reported deaths","Published","2003","Americas","Bolivia (Plurinational State of)","1","1","","",""
"Malaria - number of reported deaths","Published","2009","Americas","Costa Rica","1","1","","",""
"Malaria - number of reported deaths","Published","2008","Americas","Ecuador","1","1","","",""
"Malaria - number of reported deaths","Published","2012","Americas","Honduras","1","1","","",""
"Malaria - number of reported deaths","Published","2009","Americas","Honduras","1","1","","",""
"Malaria - number of reported deaths","Published","2005","Americas","Honduras","1","1","","",""
"Malaria - number of reported deaths","Published","2010","Americas","Nicaragua","1","1","","",""
"Malaria - number of reported deaths","Published","2011","Americas","Nicaragua","1","1","","",""
"Malaria - number of reported deaths","Published","2004","Americas","Nicaragua","1","1","","",""
"Malaria - number of reported deaths","Published","2006","Americas","Nicaragua","1","1","","",""
"Malaria - number of reported deaths","Published","2001","Americas","Panama","1","1","","",""
"Malaria - number of reported deaths","Published","2006","Americas","Panama","1","1","","",""
"Malaria - number of reported deaths","Published","2005","Americas","Panama","1","1","","",""
"Malaria - number of reported deaths","Published","2000","Americas","Panama","1","1","","",""
"Malaria - number of reported deaths","Published","2007","Americas","Panama","1","1","","",""
"Malaria - number of reported deaths","Published","2010","Americas","Panama","1","1","","",""
"Malaria - number of reported deaths","Published","2008","Americas","Panama","1","1","","",""
"Malaria - number of reported deaths","Published","2006","Americas","Suriname","1","1","","",""
"Malaria - number of reported deaths","Published","2005","Americas","Suriname","1","1","","",""
"Malaria - number of reported deaths","Published","2011","Americas","Suriname","1","1","","",""
"Malaria - number of reported deaths","Published","2010","Americas","Suriname","1","1","","",""
"Malaria - number of reported deaths","Published","2007","Americas","Suriname","1","1","","",""
"Malaria - number of reported deaths","Published","2007","Eastern Mediterranean","Djibouti","1","1","","",""
"Malaria - number of reported deaths","Published","2005","Eastern Mediterranean","Iran (Islamic Republic of)","1","1","","",""
"Malaria - number of reported deaths","Published","2004","Eastern Mediterranean","Iran (Islamic Republic of)","1","1","","",""
"Malaria - number of reported deaths","Published","2006","Eastern Mediterranean","Iran (Islamic Republic of)","1","1","","",""
"Malaria - number of reported deaths","Published","2009","Europe","Turkey","1","1","","",""
"Malaria - number of reported deaths","Published","2007","Europe","Turkey","1","1","","",""
"Malaria - number of reported deaths","Published","2007","Europe","Uzbekistan","1","1","","",""
"Malaria - number of reported deaths","Published","2012","South-East Asia","Bhutan","1","1","","",""
"Malaria - number of reported deaths","Published","2011","South-East Asia","Bhutan","1","1","","",""
"Malaria - number of reported deaths","Published","2000","Africa","Algeria","2","2","","",""
"Malaria - number of reported deaths","Published","2008","Africa","Cabo Verde","2","2","","",""
"Malaria - number of reported deaths","Published","2007","Africa","Cabo Verde","2","2","","",""
"Malaria - number of reported deaths","Published","2009","Africa","Cabo Verde","2","2","","",""
"Malaria - number of reported deaths","Published","2005","Africa","Cabo Verde","2","2","","",""
"Malaria - number of reported deaths","Published","2002","Africa","Cabo Verde","2","2","","",""
"Malaria - number of reported deaths","Published","2006","Americas","Guatemala","2","2","","",""
"Malaria - number of reported deaths","Published","2004","Americas","Guatemala","2","2","","",""
"Malaria - number of reported deaths","Published","2011","Americas","Honduras","2","2","","",""
"Malaria - number of reported deaths","Published","2008","Americas","Honduras","2","2","","",""
"Malaria - number of reported deaths","Published","2012","Americas","Nicaragua","2","2","","",""
"Malaria - number of reported deaths","Published","2001","Americas","Nicaragua","2","2","","",""
"Malaria - number of reported deaths","Published","2002","Americas","Panama","2","2","","",""
"Malaria - number of reported deaths","Published","2004","Americas","Panama","2","2","","",""
"Malaria - number of reported deaths","Published","2009","Americas","Peru","2","2","","",""
"Malaria - number of reported deaths","Published","2007","Americas","Peru","2","2","","",""
"Malaria - number of reported deaths","Published","2012","Americas","Peru","2","2","","",""
"Malaria - number of reported deaths","Published","2008","Americas","Peru","2","2","","",""
"Malaria - number of reported deaths","Published","2002","Eastern Mediterranean","Iran (Islamic Republic of)","2","2","","",""
"Malaria - number of reported deaths","Published","2001","Eastern Mediterranean","Iran (Islamic Republic of)","2","2","","",""
"Malaria - number of reported deaths","Published","2011","Eastern Mediterranean","Saudi Arabia","2","2","","",""
"Malaria - number of reported deaths","Published","2007","Eastern Mediterranean","Saudi Arabia","2","2","","",""
"Malaria - number of reported deaths","Published","2007","South-East Asia","Bhutan","2","2","","",""
"Malaria - number of reported deaths","Published","2010","South-East Asia","Bhutan","2","2","","",""
"Malaria - number of reported deaths","Published","2008","South-East Asia","Bhutan","2","2","","",""
"Malaria - number of reported deaths","Published","2012","Africa","Botswana","3","3","","",""
"Malaria - number of reported deaths","Published","2007","Africa","Sao Tome and Principe","3","3","","",""
"Malaria - number of reported deaths","Published","2004","Americas","Bolivia (Plurinational State of)","3","3","","",""
"Malaria - number of reported deaths","Published","2012","Americas","Guyana","3","3","","",""
"Malaria - number of reported deaths","Published","2011","Americas","Guyana","3","3","","",""
"Malaria - number of reported deaths","Published","2011","Americas","Haiti","3","3","","",""
"Malaria - number of reported deaths","Published","2010","Americas","Honduras","3","3","","",""
"Malaria - number of reported deaths","Published","2011","Americas","Venezuela (Bolivarian Republic of)","3","3","","",""
"Malaria - number of reported deaths","Published","2007","Eastern Mediterranean","Iran (Islamic Republic of)","3","3","","",""
"Malaria - number of reported deaths","Published","2008","Eastern Mediterranean","Iran (Islamic Republic of)","3","3","","",""
"Malaria - number of reported deaths","Published","2008","Europe","Turkey","3","3","","",""
"Malaria - number of reported deaths","Published","2011","Africa","Cabo Verde","4","4","","",""
"Malaria - number of reported deaths","Published","2004","Africa","Cabo Verde","4","4","","",""
"Malaria - number of reported deaths","Published","2003","Africa","Cabo Verde","4","4","","",""
"Malaria - number of reported deaths","Published","2008","Africa","Equatorial Guinea","4","4","","",""
"Malaria - number of reported deaths","Published","2012","Africa","Namibia","4","4","","",""
"Malaria - number of reported deaths","Published","2002","Americas","Bolivia (Plurinational State of)","4","4","","",""
"Malaria - number of reported deaths","Published","2005","Americas","Guatemala","4","4","","",""
"Malaria - number of reported deaths","Published","2000","Americas","Nicaragua","4","4","","",""
"Malaria - number of reported deaths","Published","2003","Americas","Panama","4","4","","",""
"Malaria - number of reported deaths","Published","2005","Americas","Peru","4","4","","",""
"Malaria - number of reported deaths","Published","2000","Eastern Mediterranean","Iran (Islamic Republic of)","4","4","","",""
"Malaria - number of reported deaths","Published","2011","Eastern Mediterranean","Pakistan","4","4","","",""
"Malaria - number of reported deaths","Published","2009","South-East Asia","Bhutan","4","4","","",""
"Malaria - number of reported deaths","Published","2003","Eastern Mediterranean","Iran (Islamic Republic of)","5","5","","",""
"Malaria - number of reported deaths","Published","2011","Eastern Mediterranean","Somalia","5","5","","",""
"Malaria - number of reported deaths","Published","2005","South-East Asia","Bhutan","5","5","","",""
"Malaria - number of reported deaths","Published","2009","Africa","Botswana","6","6","","",""
"Malaria - number of reported deaths","Published","2007","Africa","Botswana","6","6","","",""
"Malaria - number of reported deaths","Published","2000","Americas","Dominican Republic","6","6","","",""
"Malaria - number of reported deaths","Published","2009","Americas","Haiti","6","6","","",""
"Malaria - number of reported deaths","Published","2005","Americas","Nicaragua","6","6","","",""
"Malaria - number of reported deaths","Published","2004","Americas","Peru","6","6","","",""
"Malaria - number of reported deaths","Published","2006","Americas","Peru","6","6","","",""
"Malaria - number of reported deaths","Published","2012","Americas","Venezuela (Bolivarian Republic of)","6","6","","",""
"Malaria - number of reported deaths","Published","2010","Eastern Mediterranean","Somalia","6","6","","",""
"Malaria - number of reported deaths","Published","2012","Africa","Sao Tome and Principe","7","7","","",""
"Malaria - number of reported deaths","Published","2012","Africa","Swaziland","7","7","","",""
"Malaria - number of reported deaths","Published","2003","Americas","Nicaragua","7","7","","",""
"Malaria - number of reported deaths","Published","2004","Americas","Suriname","7","7","","",""
"Malaria - number of reported deaths","Published","2006","South-East Asia","Bhutan","7","7","","",""
"Malaria - number of reported deaths","Published","2004","South-East Asia","Bhutan","7","7","","",""
"Malaria - number of reported deaths","Published","2011","Africa","Botswana","8","8","","",""
"Malaria - number of reported deaths","Published","2010","Africa","Botswana","8","8","","",""
"Malaria - number of reported deaths","Published","2006","Africa","Cabo Verde","8","8","","",""
"Malaria - number of reported deaths","Published","2011","Africa","Swaziland","8","8","","",""
"Malaria - number of reported deaths","Published","2010","Africa","Swaziland","8","8","","",""
"Malaria - number of reported deaths","Published","2012","Americas","Dominican Republic","8","8","","",""
"Malaria - number of reported deaths","Published","2002","Americas","Nicaragua","8","8","","",""
"Malaria - number of reported deaths","Published","2002","Eastern Mediterranean","Somalia","8","8","","",""
"Malaria - number of reported deaths","Published","2003","Americas","Peru","9","9","","",""
"Malaria - number of reported deaths","Published","2008","Americas","Venezuela (Bolivarian Republic of)","9","9","","",""
"Malaria - number of reported deaths","Published","2006","Eastern Mediterranean","Pakistan","9","9","","",""
"Malaria - number of reported deaths","Published","2008","Africa","Swaziland","10","10","","",""
"Malaria - number of reported deaths","Published","2006","Americas","Dominican Republic","10","10","","",""
"Malaria - number of reported deaths","Published","2011","Americas","Dominican Republic","10","10","","",""
"Malaria - number of reported deaths","Published","2005","Africa","Botswana","11","11","","",""
"Malaria - number of reported deaths","Published","2000","Americas","Bolivia (Plurinational State of)","11","11","","",""
"Malaria - number of reported deaths","Published","2002","Americas","Dominican Republic","11","11","","",""
"Malaria - number of reported deaths","Published","2008","Americas","Dominican Republic","11","11","","",""
"Malaria - number of reported deaths","Published","2009","Americas","Guyana","11","11","","",""
"Malaria - number of reported deaths","Published","2008","Americas","Guyana","11","11","","",""
"Malaria - number of reported deaths","Published","2009","Americas","Venezuela (Bolivarian Republic of)","11","11","","",""
"Malaria - number of reported deaths","Published","2006","Americas","Venezuela (Bolivarian Republic of)","11","11","","",""
"Malaria - number of reported deaths","Published","2012","South-East Asia","Bangladesh","11","11","","",""
"Malaria - number of reported deaths","Published","2002","South-East Asia","Bhutan","11","11","","",""
"Malaria - number of reported deaths","Published","2008","Africa","Botswana","12","12","","",""
"Malaria - number of reported deaths","Published","2011","Africa","Eritrea","12","12","","",""
"Malaria - number of reported deaths","Published","2009","Americas","Colombia","12","12","","",""
"Malaria - number of reported deaths","Published","2003","Americas","Dominican Republic","12","12","","",""
"Malaria - number of reported deaths","Published","2002","Americas","Peru","12","12","","",""
"Malaria - number of reported deaths","Published","2004","Africa","Chad","13","13","","",""
"Malaria - number of reported deaths","Published","2009","Africa","Swaziland","13","13","","",""
"Malaria - number of reported deaths","Published","2010","Africa","Sao Tome and Principe","14","14","","",""
"Malaria - number of reported deaths","Published","2009","Americas","Dominican Republic","14","14","","",""
"Malaria - number of reported deaths","Published","2003","South-East Asia","Bhutan","14","14","","",""
"Malaria - number of reported deaths","Published","2001","South-East Asia","Bhutan","14","14","","",""
"Malaria - number of reported deaths","Published","2010","Americas","Dominican Republic","15","15","","",""
"Malaria - number of reported deaths","Published","2002","Americas","Suriname","15","15","","",""
"Malaria - number of reported deaths","Published","2005","Eastern Mediterranean","Somalia","15","15","","",""
"Malaria - number of reported deaths","Published","2000","South-East Asia","Bhutan","15","15","","",""
"Malaria - number of reported deaths","Published","2008","Africa","Sao Tome and Principe","16","16","","",""
"Malaria - number of reported deaths","Published","2005","Americas","Dominican Republic","16","16","","",""
"Malaria - number of reported deaths","Published","2004","Americas","Dominican Republic","16","16","","",""
"Malaria - number of reported deaths","Published","2000","Americas","Haiti","16","16","","",""
"Malaria - number of reported deaths","Published","2007","Americas","Venezuela (Bolivarian Republic of)","16","16","","",""
"Malaria - number of reported deaths","Published","2012","Africa","Comoros","17","17","","",""
"Malaria - number of reported deaths","Published","2005","Africa","Swaziland","17","17","","",""
"Malaria - number of reported deaths","Published","2007","Africa","Swaziland","17","17","","",""
"Malaria - number of reported deaths","Published","2001","Americas","Dominican Republic","17","17","","",""
"Malaria - number of reported deaths","Published","2007","Americas","Dominican Republic","17","17","","",""
"Malaria - number of reported deaths","Published","2008","Americas","Haiti","17","17","","",""
"Malaria - number of reported deaths","Published","2005","Americas","Venezuela (Bolivarian Republic of)","17","17","","",""
"Malaria - number of reported deaths","Published","2003","Africa","Botswana","18","18","","",""
"Malaria - number of reported deaths","Published","2011","Americas","Colombia","18","18","","",""
"Malaria - number of reported deaths","Published","2010","Americas","Guyana","18","18","","",""
"Malaria - number of reported deaths","Published","2003","Americas","Suriname","18","18","","",""
"Malaria - number of reported deaths","Published","2010","Americas","Venezuela (Bolivarian Republic of)","18","18","","",""
"Malaria - number of reported deaths","Published","2004","Africa","Botswana","19","19","","",""
"Malaria - number of reported deaths","Published","2011","Africa","Comoros","19","19","","",""
"Malaria - number of reported deaths","Published","2008","Africa","Eritrea","19","19","","",""
"Malaria - number of reported deaths","Published","2011","Africa","Sao Tome and Principe","19","19","","",""
"Malaria - number of reported deaths","Published","2007","Americas","Colombia","19","19","","",""
"Malaria - number of reported deaths","Published","2007","Africa","Comoros","20","20","","",""
"Malaria - number of reported deaths","Published","2012","Americas","Colombia","20","20","","",""
"Malaria - number of reported deaths","Published","2006","Americas","Guyana","20","20","","",""
"Malaria - number of reported deaths","Published","2000","Americas","Peru","20","20","","",""
"Malaria - number of reported deaths","Published","2008","Americas","Colombia","22","22","","",""
"Malaria - number of reported deaths","Published","2010","Eastern Mediterranean","Afghanistan","22","22","","",""
"Malaria - number of reported deaths","Published","2002","Africa","Botswana","23","23","","",""
"Malaria - number of reported deaths","Published","2009","Africa","Equatorial Guinea","23","23","","",""
"Malaria - number of reported deaths","Published","2009","Africa","Eritrea","23","23","","",""
"Malaria - number of reported deaths","Published","2009","Africa","Sao Tome and Principe","23","23","","",""
"Malaria - number of reported deaths","Published","2010","Americas","Colombia","23","23","","",""
"Malaria - number of reported deaths","Published","2004","Americas","Haiti","23","23","","",""
"Malaria - number of reported deaths","Published","2001","Americas","Suriname","23","23","","",""
"Malaria - number of reported deaths","Published","2002","Americas","Venezuela (Bolivarian Republic of)","23","23","","",""
"Malaria - number of reported deaths","Published","2004","Africa","Eritrea","24","24","","",""
"Malaria - number of reported deaths","Published","2003","Americas","Colombia","24","24","","",""
"Malaria - number of reported deaths","Published","2000","Americas","Suriname","24","24","","",""
"Malaria - number of reported deaths","Published","2000","Americas","Venezuela (Bolivarian Republic of)","24","24","","",""
"Malaria - number of reported deaths","Published","2007","Eastern Mediterranean","Pakistan","24","24","","",""
"Malaria - number of reported deaths","Published","2004","Americas","Colombia","25","25","","",""
"Malaria - number of reported deaths","Published","2001","Americas","Peru","25","25","","",""
"Malaria - number of reported deaths","Published","2007","Eastern Mediterranean","Afghanistan","25","25","","",""
"Malaria - number of reported deaths","Published","2006","Africa","Sao Tome and Principe","26","26","","",""
"Malaria - number of reported deaths","Published","2010","Africa","Eritrea","27","27","","",""
"Malaria - number of reported deaths","Published","2006","Africa","Swaziland","27","27","","",""
"Malaria - number of reported deaths","Published","2002","Americas","Guyana","27","27","","",""
"Malaria - number of reported deaths","Published","2004","Africa","Comoros","28","28","","",""
"Malaria - number of reported deaths","Published","2004","Africa","Swaziland","28","28","","",""
"Malaria - number of reported deaths","Published","2005","Americas","Colombia","28","28","","",""
"Malaria - number of reported deaths","Published","2007","Americas","Haiti","28","28","","",""
"Malaria - number of reported deaths","Published","2001","Americas","Venezuela (Bolivarian Republic of)","28","28","","",""
"Malaria - number of reported deaths","Published","2001","Africa","Botswana","29","29","","",""
"Malaria - number of reported deaths","Published","2005","Americas","Haiti","29","29","","",""
"Malaria - number of reported deaths","Published","2006","Eastern Mediterranean","Djibouti","29","29","","",""
"Malaria - number of reported deaths","Published","2010","Africa","Equatorial Guinea","30","30","","",""
"Malaria - number of reported deaths","Published","2012","Africa","Eritrea","30","30","","",""
"Malaria - number of reported deaths","Published","2003","Africa","Swaziland","30","30","","",""
"Malaria - number of reported deaths","Published","2001","Americas","Guyana","30","30","","",""
"Malaria - number of reported deaths","Published","2005","Americas","Guyana","32","32","","",""
"Malaria - number of reported deaths","Published","2006","Americas","Haiti","32","32","","",""
"Malaria - number of reported deaths","Published","2009","Eastern Mediterranean","Afghanistan","32","32","","",""
"Malaria - number of reported deaths","Published","2004","Americas","Venezuela (Bolivarian Republic of)","35","35","","",""
"Malaria - number of reported deaths","Published","2011","Africa","Namibia","36","36","","",""
"Malaria - number of reported deaths","Published","2012","Eastern Mediterranean","Afghanistan","36","36","","",""
"Malaria - number of reported deaths","Published","2011","South-East Asia","Bangladesh","36","36","","",""
"Malaria - number of reported deaths","Published","2007","Africa","South Africa","37","37","","",""
"Malaria - number of reported deaths","Published","2010","South-East Asia","Bangladesh","37","37","","",""
"Malaria - number of reported deaths","Published","2004","Americas","Guyana","38","38","","",""
"Malaria - number of reported deaths","Published","2009","Eastern Mediterranean","Yemen","38","38","","",""
"Malaria - number of reported deaths","Published","2006","Africa","Botswana","40","40","","",""
"Malaria - number of reported deaths","Published","2002","Americas","Colombia","40","40","","",""
"Malaria - number of reported deaths","Published","2003","Americas","Venezuela (Bolivarian Republic of)","40","40","","",""
"Malaria - number of reported deaths","Published","2011","Eastern Mediterranean","Afghanistan","40","40","","",""
"Malaria - number of reported deaths","Published","2005","Africa","Liberia","41","41","","",""
"Malaria - number of reported deaths","Published","2000","Americas","Colombia","41","41","","",""
"Malaria - number of reported deaths","Published","2003","Americas","Guyana","41","41","","",""
"Malaria - number of reported deaths","Published","2007","Africa","Eritrea","42","42","","",""
"Malaria - number of reported deaths","Published","2008","Africa","South Africa","43","43","","",""
"Malaria - number of reported deaths","Published","2009","Africa","South Africa","45","45","","",""
"Malaria - number of reported deaths","Published","2009","Eastern Mediterranean","Somalia","45","45","","",""
"Malaria - number of reported deaths","Published","2007","Eastern Mediterranean","Somalia","45","45","","",""
"Malaria - number of reported deaths","Published","2002","Africa","Swaziland","46","46","","",""
"Malaria - number of reported deaths","Published","2008","Eastern Mediterranean","Afghanistan","46","46","","",""
"Malaria - number of reported deaths","Published","2008","Africa","Comoros","47","47","","",""
"Malaria - number of reported deaths","Published","2006","Africa","Eritrea","47","47","","",""
"Malaria - number of reported deaths","Published","2009","South-East Asia","Bangladesh","47","47","","",""
"Malaria - number of reported deaths","Published","2005","Africa","Eritrea","49","49","","",""
"Malaria - number of reported deaths","Published","2008","Eastern Mediterranean","Somalia","49","49","","",""
"Malaria - number of reported deaths","Published","2005","Africa","Sierra Leone","50","50","","",""
"Malaria - number of reported deaths","Published","2011","Africa","Equatorial Guinea","52","52","","",""
"Malaria - number of reported deaths","Published","2005","Eastern Mediterranean","Pakistan","52","52","","",""
"Malaria - number of reported deaths","Published","2010","Africa","Comoros","53","53","","",""
"Malaria - number of reported deaths","Published","2006","Americas","Colombia","53","53","","",""
"Malaria - number of reported deaths","Published","2011","Africa","South Africa","54","54","","",""
"Malaria - number of reported deaths","Published","2003","Eastern Mediterranean","Somalia","54","54","","",""
"Malaria - number of reported deaths","Published","2006","Africa","Comoros","56","56","","",""
"Malaria - number of reported deaths","Published","2001","Americas","Colombia","58","58","","",""
"Malaria - number of reported deaths","Published","2006","Eastern Mediterranean","Somalia","58","58","","",""
"Malaria - number of reported deaths","Published","2001","Africa","Swaziland","62","62","","",""
"Malaria - number of reported deaths","Published","2001","Americas","Haiti","62","62","","",""
"Malaria - number of reported deaths","Published","2010","Africa","Namibia","63","63","","",""
"Malaria - number of reported deaths","Published","2005","Africa","South Africa","63","63","","",""
"Malaria - number of reported deaths","Published","2012","Americas","Brazil","64","64","","",""
"Malaria - number of reported deaths","Published","2006","Africa","Mauritania","67","67","","",""
"Malaria - number of reported deaths","Published","2008","Americas","Brazil","67","67","","",""
"Malaria - number of reported deaths","Published","2009","Africa","Namibia","68","68","","",""
"Malaria - number of reported deaths","Published","2011","Americas","Brazil","69","69","","",""
"Malaria - number of reported deaths","Published","2012","Africa","South Africa","72","72","","",""
"Malaria - number of reported deaths","Published","2012","Eastern Mediterranean","Yemen","72","72","","",""
"Malaria - number of reported deaths","Published","2006","Eastern Mediterranean","Yemen","73","73","","",""
"Malaria - number of reported deaths","Published","2011","Africa","Gabon","74","74","","",""
"Malaria - number of reported deaths","Published","2011","Eastern Mediterranean","Yemen","75","75","","",""
"Malaria - number of reported deaths","Published","2010","Americas","Brazil","76","76","","",""
"Malaria - number of reported deaths","Published","2002","Americas","Haiti","76","76","","",""
"Malaria - number of reported deaths","Published","2012","Africa","Equatorial Guinea","77","77","","",""
"Malaria - number of reported deaths","Published","2011","Africa","Mauritania","77","77","","",""
"Malaria - number of reported deaths","Published","2003","Africa","Eritrea","79","79","","",""
"Malaria - number of reported deaths","Published","2004","Eastern Mediterranean","Somalia","79","79","","",""
"Malaria - number of reported deaths","Published","2001","Africa","South Africa","81","81","","",""
"Malaria - number of reported deaths","Published","2010","Africa","South Africa","83","83","","",""
"Malaria - number of reported deaths","Published","2005","Africa","Sao Tome and Principe","85","85","","",""
"Malaria - number of reported deaths","Published","2009","Americas","Brazil","85","85","","",""
"Malaria - number of reported deaths","Published","2002","Africa","Eritrea","86","86","","",""
"Malaria - number of reported deaths","Published","2006","Africa","South Africa","87","87","","",""
"Malaria - number of reported deaths","Published","2004","Africa","South Africa","88","88","","",""
"Malaria - number of reported deaths","Published","2006","Africa","Sierra Leone","90","90","","",""
"Malaria - number of reported deaths","Published","2009","Africa","Mauritania","91","91","","",""
"Malaria - number of reported deaths","Published","2005","Africa","Comoros","92","92","","",""
"Malaria - number of reported deaths","Published","2010","Eastern Mediterranean","Yemen","92","92","","",""
"Malaria - number of reported deaths","Published","2007","Americas","Brazil","93","93","","",""
"Malaria - number of reported deaths","Published","2002","Americas","Brazil","93","93","","",""
"Malaria - number of reported deaths","Published","2002","Africa","South Africa","96","96","","",""
"Malaria - number of reported deaths","Published","2002","Africa","Chad","98","98","","",""
"Malaria - number of reported deaths","Published","2004","Americas","Brazil","100","100","","",""
"Malaria - number of reported deaths","Published","2003","Americas","Haiti","102","102","","",""
"Malaria - number of reported deaths","Published","2003","Americas","Brazil","103","103","","",""
"Malaria - number of reported deaths","Published","2006","Americas","Brazil","105","105","","",""
"Malaria - number of reported deaths","Published","2012","Africa","Mauritania","106","106","","",""
"Malaria - number of reported deaths","Published","2009","Africa","Zimbabwe","108","108","","",""
"Malaria - number of reported deaths","Published","2007","Africa","Congo","113","113","","",""
"Malaria - number of reported deaths","Published","2009","Africa","Congo","116","116","","",""
"Malaria - number of reported deaths","Published","2005","Americas","Brazil","122","122","","",""
"Malaria - number of reported deaths","Published","2004","Africa","Sierra Leone","126","126","","",""
"Malaria - number of reported deaths","Published","2001","Africa","Eritrea","133","133","","",""
"Malaria - number of reported deaths","Published","2012","Africa","Gabon","134","134","","",""
"Malaria - number of reported deaths","Published","2007","Africa","Mauritania","142","142","","",""
"Malaria - number of reported deaths","Published","2003","Africa","South Africa","142","142","","",""
"Malaria - number of reported deaths","Published","2001","Americas","Brazil","142","142","","",""
"Malaria - number of reported deaths","Published","2008","Africa","Congo","143","143","","",""
"Malaria - number of reported deaths","Published","2006","Africa","Gambia","150","150","","",""
"Malaria - number of reported deaths","Published","2010","Africa","Gambia","151","151","","",""
"Malaria - number of reported deaths","Published","2008","Africa","Namibia","152","152","","",""
"Malaria - number of reported deaths","Published","2004","Africa","Gambia","153","153","","",""
"Malaria - number of reported deaths","Published","2008","South-East Asia","Bangladesh","154","154","","",""
"Malaria - number of reported deaths","Published","2008","Africa","Gabon","156","156","","",""
"Malaria - number of reported deaths","Published","2003","Africa","Sierra Leone","157","157","","",""
"Malaria - number of reported deaths","Published","2007","Africa","Burundi","167","167","","",""
"Malaria - number of reported deaths","Published","2004","Africa","Sao Tome and Principe","169","169","","",""
"Malaria - number of reported deaths","Published","2007","Africa","Namibia","181","181","","",""
"Malaria - number of reported deaths","Published","2010","Africa","Gabon","182","182","","",""
"Malaria - number of reported deaths","Published","2003","Africa","Gambia","192","192","","",""
"Malaria - number of reported deaths","Published","2003","Africa","Sao Tome and Principe","193","193","","",""
"Malaria - number of reported deaths","Published","2009","Africa","Gabon","197","197","","",""
"Malaria - number of reported deaths","Published","2010","Africa","Mauritania","211","211","","",""
"Malaria - number of reported deaths","Published","2007","Africa","Gabon","216","216","","",""
"Malaria - number of reported deaths","Published","2009","Africa","Chad","221","221","","",""
"Malaria - number of reported deaths","Published","2007","South-East Asia","Bangladesh","228","228","","",""
"Malaria - number of reported deaths","Published","2008","Africa","Zimbabwe","232","232","","",""
"Malaria - number of reported deaths","Published","2006","Africa","Gabon","238","238","","",""
"Malaria - number of reported deaths","Published","2009","Africa","Gambia","240","240","","",""
"Malaria - number of reported deaths","Published","2000","Americas","Brazil","243","243","","",""
"Malaria - number of reported deaths","Published","2001","Africa","Sao Tome and Principe","248","248","","",""
"Malaria - number of reported deaths","Published","2000","Africa","Sao Tome and Principe","254","254","","",""
"Malaria - number of reported deaths","Published","2009","Eastern Mediterranean","South Sudan","254","254","","",""
"Malaria - number of reported deaths","Published","2010","Africa","Zimbabwe","255","255","","",""
"Malaria - number of reported deaths","Published","2002","Africa","Gambia","259","259","","",""
"Malaria - number of reported deaths","Published","2012","Eastern Mediterranean","Pakistan","260","260","","",""
"Malaria - number of reported deaths","Published","2008","Eastern Mediterranean","South Sudan","263","263","","",""
"Malaria - number of reported deaths","Published","2001","Africa","Gambia","275","275","","",""
"Malaria - number of reported deaths","Published","2012","Africa","Gambia","289","289","","",""
"Malaria - number of reported deaths","Published","2010","Africa","Guinea-Bissau","296","296","","",""
"Malaria - number of reported deaths","Published","2007","Africa","Liberia","310","310","","",""
"Malaria - number of reported deaths","Published","2002","Africa","Sao Tome and Principe","321","321","","",""
"Malaria - number of reported deaths","Published","2005","Africa","Benin","322","322","","",""
"Malaria - number of reported deaths","Published","2007","Africa","Sierra Leone","324","324","","",""
"Malaria - number of reported deaths","Published","2001","Africa","Sierra Leone","328","328","","",""
"Malaria - number of reported deaths","Published","2008","Africa","Liberia","345","345","","",""
"Malaria - number of reported deaths","Published","2009","Africa","Madagascar","348","348","","",""
"Malaria - number of reported deaths","Published","2012","Africa","Zimbabwe","351","351","","",""
"Malaria - number of reported deaths","Published","2005","Africa","Gabon","353","353","","",""
"Malaria - number of reported deaths","Published","2008","Africa","Madagascar","355","355","","",""
"Malaria - number of reported deaths","Published","2009","Africa","Guinea-Bissau","369","369","","",""
"Malaria - number of reported deaths","Published","2007","Africa","Guinea-Bissau","370","370","","",""
"Malaria - number of reported deaths","Published","2012","Africa","Guinea-Bissau","370","370","","",""
"Malaria - number of reported deaths","Published","2000","Africa","United Republic of Tanzania","379","379","","",""
"Malaria - number of reported deaths","Published","2011","Africa","Rwanda","380","380","","",""
"Malaria - number of reported deaths","Published","2011","Africa","Madagascar","398","398","","",""
"Malaria - number of reported deaths","Published","2007","Africa","Zimbabwe","401","401","","",""
"Malaria - number of reported deaths","Published","2008","Africa","Gambia","403","403","","",""
"Malaria - number of reported deaths","Published","2011","Eastern Mediterranean","South Sudan","406","406","","",""
"Malaria - number of reported deaths","Published","2001","Africa","Democratic Republic of the Congo","416","416","","",""
"Malaria - number of reported deaths","Published","2001","Africa","Burundi","417","417","","",""
"Malaria - number of reported deaths","Published","2003","Africa","Central African Republic","417","417","","",""
"Malaria - number of reported deaths","Published","2007","Africa","Gambia","424","424","","",""
"Malaria - number of reported deaths","Published","2000","Africa","South Africa","424","424","","",""
"Malaria - number of reported deaths","Published","2003","Africa","Burundi","425","425","","",""
"Malaria - number of reported deaths","Published","2005","Africa","Gambia","426","426","","",""
"Malaria - number of reported deaths","Published","2010","Africa","Madagascar","427","427","","",""
"Malaria - number of reported deaths","Published","2007","Africa","Madagascar","428","428","","",""
"Malaria - number of reported deaths","Published","2006","Africa","Burundi","434","434","","",""
"Malaria - number of reported deaths","Published","2000","Africa","Central African Republic","439","439","","",""
"Malaria - number of reported deaths","Published","2011","Africa","Gambia","440","440","","",""
"Malaria - number of reported deaths","Published","2002","Africa","Guinea","440","440","","",""
"Malaria - number of reported deaths","Published","2008","Africa","Guinea","441","441","","",""
"Malaria - number of reported deaths","Published","2006","Africa","Madagascar","441","441","","",""
"Malaria - number of reported deaths","Published","2011","Africa","Zimbabwe","451","451","","",""
"Malaria - number of reported deaths","Published","2008","Africa","Central African Republic","456","456","","",""
"Malaria - number of reported deaths","Published","2012","Africa","Rwanda","459","459","","",""
"Malaria - number of reported deaths","Published","2002","Africa","Sierra Leone","461","461","","",""
"Malaria - number of reported deaths","Published","2004","Africa","Gabon","466","466","","",""
"Malaria - number of reported deaths","Published","2001","Africa","Benin","468","468","","",""
"Malaria - number of reported deaths","Published","2001","South-East Asia","Bangladesh","470","470","","",""
"Malaria - number of reported deaths","Published","2007","Africa","Guinea","472","472","","",""
"Malaria - number of reported deaths","Published","2011","Africa","Guinea-Bissau","472","472","","",""
"Malaria - number of reported deaths","Published","2011","Africa","Senegal","472","472","","",""
"Malaria - number of reported deaths","Published","2002","Africa","Burundi","483","483","","",""
"Malaria - number of reported deaths","Published","2000","South-East Asia","Bangladesh","484","484","","",""
"Malaria - number of reported deaths","Published","2008","Africa","Guinea-Bissau","487","487","","",""
"Malaria - number of reported deaths","Published","2005","Africa","Guinea","490","490","","",""
"Malaria - number of reported deaths","Published","2005","South-East Asia","Bangladesh","501","501","","",""
"Malaria - number of reported deaths","Published","2004","South-East Asia","Bangladesh","505","505","","",""
"Malaria - number of reported deaths","Published","2006","Africa","Guinea-Bissau","507","507","","",""
"Malaria - number of reported deaths","Published","2006","South-East Asia","Bangladesh","508","508","","",""
"Malaria - number of reported deaths","Published","2001","Africa","Guinea","517","517","","",""
"Malaria - number of reported deaths","Published","2010","Africa","Central African Republic","526","526","","",""
"Malaria - number of reported deaths","Published","2004","Africa","Guinea","528","528","","",""
"Malaria - number of reported deaths","Published","2001","Africa","Central African Republic","535","535","","",""
"Malaria - number of reported deaths","Published","2012","Africa","Madagascar","552","552","","",""
"Malaria - number of reported deaths","Published","2010","Africa","Senegal","553","553","","",""
"Malaria - number of reported deaths","Published","2005","Africa","Chad","558","558","","",""
"Malaria - number of reported deaths","Published","2003","Africa","Benin","560","560","","",""
"Malaria - number of reported deaths","Published","2001","Africa","Mali","562","562","","",""
"Malaria - number of reported deaths","Published","2004","Africa","Guinea-Bissau","565","565","","",""
"Malaria - number of reported deaths","Published","2005","Africa","Guinea-Bissau","565","565","","",""
"Malaria - number of reported deaths","Published","2008","Africa","Rwanda","566","566","","",""
"Malaria - number of reported deaths","Published","2006","Africa","Namibia","571","571","","",""
"Malaria - number of reported deaths","Published","2009","Africa","Senegal","574","574","","",""
"Malaria - number of reported deaths","Published","2003","South-East Asia","Bangladesh","574","574","","",""
"Malaria - number of reported deaths","Published","2002","Africa","Madagascar","575","575","","",""
"Malaria - number of reported deaths","Published","2007","Africa","Central African Republic","578","578","","",""
"Malaria - number of reported deaths","Published","2009","Africa","Guinea","586","586","","",""
"Malaria - number of reported deaths","Published","2003","Africa","Guinea","586","586","","",""
"Malaria - number of reported deaths","Published","2000","Africa","Madagascar","591","591","","",""
"Malaria - number of reported deaths","Published","2008","Africa","Burundi","595","595","","",""
"Malaria - number of reported deaths","Published","2002","South-East Asia","Bangladesh","598","598","","",""
"Malaria - number of reported deaths","Published","2011","Eastern Mediterranean","Sudan","612","612","","",""
"Malaria - number of reported deaths","Published","2007","Africa","Chad","617","617","","",""
"Malaria - number of reported deaths","Published","2012","Eastern Mediterranean","Sudan","618","618","","",""
"Malaria - number of reported deaths","Published","2012","Africa","Congo","623","623","","",""
"Malaria - number of reported deaths","Published","2000","Africa","Guinea","626","626","","",""
"Malaria - number of reported deaths","Published","2001","Africa","Guinea-Bissau","635","635","","",""
"Malaria - number of reported deaths","Published","2012","Africa","Senegal","649","649","","",""
"Malaria - number of reported deaths","Published","2009","Africa","Central African Republic","667","667","","",""
"Malaria - number of reported deaths","Published","2005","Africa","Central African Republic","668","668","","",""
"Malaria - number of reported deaths","Published","2010","Africa","Rwanda","670","670","","",""
"Malaria - number of reported deaths","Published","2004","Africa","Burundi","689","689","","",""
"Malaria - number of reported deaths","Published","2000","Africa","Burundi","691","691","","",""
"Malaria - number of reported deaths","Published","2003","Africa","Gabon","692","692","","",""
"Malaria - number of reported deaths","Published","2005","Africa","Madagascar","699","699","","",""
"Malaria - number of reported deaths","Published","2002","Africa","Benin","707","707","","",""
"Malaria - number of reported deaths","Published","2000","Africa","Chad","712","712","","",""
"Malaria - number of reported deaths","Published","2011","Africa","Kenya","713","713","","",""
"Malaria - number of reported deaths","Published","2004","Africa","Madagascar","715","715","","",""
"Malaria - number of reported deaths","Published","2010","Africa","Guinea","735","735","","",""
"Malaria - number of reported deaths","Published","2008","Africa","Senegal","741","741","","",""
"Malaria - number of reported deaths","Published","2001","Africa","Madagascar","742","742","","",""
"Malaria - number of reported deaths","Published","2011","Africa","Guinea","743","743","","",""
"Malaria - number of reported deaths","Published","2000","Africa","Mali","748","748","","",""
"Malaria - number of reported deaths","Published","2005","Africa","Burundi","776","776","","",""
"Malaria - number of reported deaths","Published","2002","Africa","Guinea-Bissau","780","780","","",""
"Malaria - number of reported deaths","Published","2012","Africa","Kenya","785","785","","",""
"Malaria - number of reported deaths","Published","2007","Africa","C?te d'Ivoire","797","797","","",""
"Malaria - number of reported deaths","Published","2006","Africa","Zimbabwe","802","802","","",""
"Malaria - number of reported deaths","Published","2009","Africa","Rwanda","809","809","","",""
"Malaria - number of reported deaths","Published","2002","Africa","United Republic of Tanzania","815","815","","",""
"Malaria - number of reported deaths","Published","2003","Africa","Madagascar","817","817","","",""
"Malaria - number of reported deaths","Published","2006","Africa","Togo","819","819","","",""
"Malaria - number of reported deaths","Published","2002","Africa","Mali","826","826","","",""
"Malaria - number of reported deaths","Published","2005","Africa","Cameroon","836","836","","",""
"Malaria - number of reported deaths","Published","2006","Africa","Chad","837","837","","",""
"Malaria - number of reported deaths","Published","2011","Africa","Central African Republic","858","858","","",""
"Malaria - number of reported deaths","Published","2004","Africa","Central African Republic","859","859","","",""
"Malaria - number of reported deaths","Published","2006","Africa","Central African Republic","865","865","","",""
"Malaria - number of reported deaths","Published","2008","Africa","Sierra Leone","871","871","","",""
"Malaria - number of reported deaths","Published","2006","Africa","Liberia","877","877","","",""
"Malaria - number of reported deaths","Published","2010","Africa","Chad","886","886","","",""
"Malaria - number of reported deaths","Published","2011","Africa","Congo","892","892","","",""
"Malaria - number of reported deaths","Published","2008","Africa","Benin","918","918","","",""
"Malaria - number of reported deaths","Published","2006","Africa","Cameroon","930","930","","",""
"Malaria - number of reported deaths","Published","2011","Africa","Ethiopia","936","936","","",""
"Malaria - number of reported deaths","Published","2004","Africa","Benin","944","944","","",""
"Malaria - number of reported deaths","Published","2001","Africa","Chad","957","957","","",""
"Malaria - number of reported deaths","Published","2010","Africa","Benin","964","964","","",""
"Malaria - number of reported deaths","Published","2012","Africa","Guinea","979","979","","",""
"Malaria - number of reported deaths","Published","2003","Africa","Democratic Republic of the Congo","989","989","","",""
"Malaria - number of reported deaths","Published","2007","Africa","Ethiopia","991","991","","",""
"Malaria - number of reported deaths","Published","2004","Africa","Mali","1012","1012","","",""
"Malaria - number of reported deaths","Published","2008","Africa","Chad","1018","1018","","",""
"Malaria - number of reported deaths","Published","2003","Africa","Chad","1021","1021","","",""
"Malaria - number of reported deaths","Published","2010","Africa","C?te d'Ivoire","1023","1023","","",""
"Malaria - number of reported deaths","Published","2010","Eastern Mediterranean","Sudan","1023","1023","","",""
"Malaria - number of reported deaths","Published","2005","Africa","Togo","1024","1024","","",""
"Malaria - number of reported deaths","Published","2003","Africa","Zimbabwe","1044","1044","","",""
"Malaria - number of reported deaths","Published","2010","Eastern Mediterranean","South Sudan","1053","1053","","",""
"Malaria - number of reported deaths","Published","2005","Africa","Ethiopia","1086","1086","","",""
"Malaria - number of reported deaths","Published","2003","Africa","Namibia","1106","1106","","",""
"Malaria - number of reported deaths","Published","2009","Africa","Ethiopia","1121","1121","","",""
"Malaria - number of reported deaths","Published","2008","Eastern Mediterranean","Sudan","1125","1125","","",""
"Malaria - number of reported deaths","Published","2003","Africa","Togo","1130","1130","","",""
"Malaria - number of reported deaths","Published","2003","Africa","Guinea-Bissau","1137","1137","","",""
"Malaria - number of reported deaths","Published","2002","Africa","Gabon","1141","1141","","",""
"Malaria - number of reported deaths","Published","2009","Eastern Mediterranean","Sudan","1142","1142","","",""
"Malaria - number of reported deaths","Published","2006","Africa","Niger","1150","1150","","",""
"Malaria - number of reported deaths","Published","2008","Africa","Ethiopia","1169","1169","","",""
"Malaria - number of reported deaths","Published","2009","Africa","Burundi","1183","1183","","",""
"Malaria - number of reported deaths","Published","2004","Africa","Togo","1183","1183","","",""
"Malaria - number of reported deaths","Published","2004","Africa","Namibia","1185","1185","","",""
"Malaria - number of reported deaths","Published","2006","Eastern Mediterranean","Sudan","1193","1193","","",""
"Malaria - number of reported deaths","Published","2012","Africa","Togo","1197","1197","","",""
"Malaria - number of reported deaths","Published","2011","Africa","Chad","1220","1220","","",""
"Malaria - number of reported deaths","Published","2006","Africa","Benin","1226","1226","","",""
"Malaria - number of reported deaths","Published","2002","Africa","Senegal","1226","1226","","",""
"Malaria - number of reported deaths","Published","2008","Africa","Mali","1227","1227","","",""
"Malaria - number of reported deaths","Published","2001","Africa","United Republic of Tanzania","1228","1228","","",""
"Malaria - number of reported deaths","Published","2007","Africa","Togo","1236","1236","","",""
"Malaria - number of reported deaths","Published","2000","Africa","Niger","1244","1244","","",""
"Malaria - number of reported deaths","Published","2008","Africa","C?te d'Ivoire","1249","1249","","",""
"Malaria - number of reported deaths","Published","2007","Eastern Mediterranean","Sudan","1254","1254","","",""
"Malaria - number of reported deaths","Published","2000","Africa","Senegal","1275","1275","","",""
"Malaria - number of reported deaths","Published","2005","Africa","Mali","1285","1285","","",""
"Malaria - number of reported deaths","Published","2007","Africa","Benin","1290","1290","","",""
"Malaria - number of reported deaths","Published","2003","Africa","Mali","1309","1309","","",""
"Malaria - number of reported deaths","Published","2011","Africa","Togo","1314","1314","","",""
"Malaria - number of reported deaths","Published","2012","Eastern Mediterranean","South Sudan","1321","1321","","",""
"Malaria - number of reported deaths","Published","2005","Africa","Namibia","1325","1325","","",""
"Malaria - number of reported deaths","Published","2004","Africa","Niger","1333","1333","","",""
"Malaria - number of reported deaths","Published","2006","Africa","Ethiopia","1357","1357","","",""
"Malaria - number of reported deaths","Published","2007","Africa","Niger","1358","1358","","",""
"Malaria - number of reported deaths","Published","2012","Africa","Chad","1359","1359","","",""
"Malaria - number of reported deaths","Published","2009","Africa","Benin","1375","1375","","",""
"Malaria - number of reported deaths","Published","2011","Africa","C?te d'Ivoire","1389","1389","","",""
"Malaria - number of reported deaths","Published","2001","Africa","Togo","1394","1394","","",""
"Malaria - number of reported deaths","Published","2010","Africa","Liberia","1422","1422","","",""
"Malaria - number of reported deaths","Published","2012","Africa","Central African Republic","1442","1442","","",""
"Malaria - number of reported deaths","Published","2002","Africa","Namibia","1504","1504","","",""
"Malaria - number of reported deaths","Published","2010","Africa","Togo","1507","1507","","",""
"Malaria - number of reported deaths","Published","2001","Africa","Senegal","1515","1515","","",""
"Malaria - number of reported deaths","Published","2004","Africa","Senegal","1524","1524","","",""
"Malaria - number of reported deaths","Published","2012","Africa","C?te d'Ivoire","1534","1534","","",""
"Malaria - number of reported deaths","Published","2009","Africa","Togo","1556","1556","","",""
"Malaria - number of reported deaths","Published","2004","Africa","Ghana","1575","1575","","",""
"Malaria - number of reported deaths","Published","2010","Africa","Ethiopia","1581","1581","","",""
"Malaria - number of reported deaths","Published","2005","Africa","Senegal","1587","1587","","",""
"Malaria - number of reported deaths","Published","2003","Africa","Senegal","1602","1602","","",""
"Malaria - number of reported deaths","Published","2002","Africa","Ethiopia","1607","1607","","",""
"Malaria - number of reported deaths","Published","2012","Africa","Ethiopia","1621","1621","","",""
"Malaria - number of reported deaths","Published","2002","Africa","Togo","1661","1661","","",""
"Malaria - number of reported deaths","Published","2006","Africa","Senegal","1678","1678","","",""
"Malaria - number of reported deaths","Published","2001","Africa","Ethiopia","1681","1681","","",""
"Malaria - number of reported deaths","Published","2001","Africa","Gabon","1693","1693","","",""
"Malaria - number of reported deaths","Published","2009","Africa","Liberia","1706","1706","","",""
"Malaria - number of reported deaths","Published","2001","Africa","Ghana","1717","1717","","",""
"Malaria - number of reported deaths","Published","2012","Africa","Liberia","1725","1725","","",""
"Malaria - number of reported deaths","Published","2001","Africa","Namibia","1728","1728","","",""
"Malaria - number of reported deaths","Published","2009","Africa","Sierra Leone","1734","1734","","",""
"Malaria - number of reported deaths","Published","2011","Africa","Benin","1753","1753","","",""
"Malaria - number of reported deaths","Published","2007","Africa","Rwanda","1772","1772","","",""
"Malaria - number of reported deaths","Published","2007","Africa","Mali","1782","1782","","",""
"Malaria - number of reported deaths","Published","2005","Eastern Mediterranean","Sudan","1789","1789","","",""
"Malaria - number of reported deaths","Published","2004","Africa","Zimbabwe","1809","1809","","",""
"Malaria - number of reported deaths","Published","2007","Africa","Cameroon","1811","1811","","",""
"Malaria - number of reported deaths","Published","2004","Eastern Mediterranean","Sudan","1814","1814","","",""
"Malaria - number of reported deaths","Published","2002","Africa","Zimbabwe","1844","1844","","",""
"Malaria - number of reported deaths","Published","2012","Africa","Mali","1894","1894","","",""
"Malaria - number of reported deaths","Published","2006","Africa","Mali","1914","1914","","",""
"Malaria - number of reported deaths","Published","2005","Africa","Zimbabwe","1916","1916","","",""
"Malaria - number of reported deaths","Published","2007","Africa","Senegal","1935","1935","","",""
"Malaria - number of reported deaths","Published","2000","Africa","Gabon","2016","2016","","",""
"Malaria - number of reported deaths","Published","2005","Africa","Ghana","2037","2037","","",""
"Malaria - number of reported deaths","Published","2005","Africa","Niger","2060","2060","","",""
"Malaria - number of reported deaths","Published","2003","Africa","Ghana","2103","2103","","",""
"Malaria - number of reported deaths","Published","2002","Eastern Mediterranean","Sudan","2125","2125","","",""
"Malaria - number of reported deaths","Published","2011","Africa","Mali","2128","2128","","",""
"Malaria - number of reported deaths","Published","2003","Africa","Ethiopia","2138","2138","","",""
"Malaria - number of reported deaths","Published","2002","Africa","Democratic Republic of the Congo","2152","2152","","",""
"Malaria - number of reported deaths","Published","2009","Africa","Niger","2159","2159","","",""
"Malaria - number of reported deaths","Published","2000","Eastern Mediterranean","Sudan","2162","2162","","",""
"Malaria - number of reported deaths","Published","2011","Africa","Burundi","2233","2233","","",""
"Malaria - number of reported deaths","Published","2003","Africa","Niger","2248","2248","","",""
"Malaria - number of reported deaths","Published","2001","Eastern Mediterranean","Sudan","2252","2252","","",""
"Malaria - number of reported deaths","Published","2012","Africa","Benin","2261","2261","","",""
"Malaria - number of reported deaths","Published","2012","Africa","Burundi","2263","2263","","",""
"Malaria - number of reported deaths","Published","2009","Africa","Mali","2331","2331","","",""
"Malaria - number of reported deaths","Published","2004","Africa","Rwanda","2362","2362","","",""
"Malaria - number of reported deaths","Published","2001","Africa","Niger","2366","2366","","",""
"Malaria - number of reported deaths","Published","2008","Africa","Uganda","2372","2372","","",""
"Malaria - number of reported deaths","Published","2002","Africa","Ghana","2376","2376","","",""
"Malaria - number of reported deaths","Published","2008","Africa","Niger","2461","2461","","",""
"Malaria - number of reported deaths","Published","2003","Eastern Mediterranean","Sudan","2479","2479","","",""
"Malaria - number of reported deaths","Published","2006","Africa","Rwanda","2486","2486","","",""
"Malaria - number of reported deaths","Published","2005","Africa","Rwanda","2581","2581","","",""
"Malaria - number of reported deaths","Published","2008","Africa","Togo","2663","2663","","",""
"Malaria - number of reported deaths","Published","2010","Africa","Burundi","2677","2677","","",""
"Malaria - number of reported deaths","Published","2003","Africa","Rwanda","2679","2679","","",""
"Malaria - number of reported deaths","Published","2002","Africa","Niger","2769","2769","","",""
"Malaria - number of reported deaths","Published","2011","Africa","Niger","2802","2802","","",""
"Malaria - number of reported deaths","Published","2012","Africa","Mozambique","2818","2818","","",""
"Malaria - number of reported deaths","Published","2012","Africa","Niger","2825","2825","","",""
"Malaria - number of reported deaths","Published","2012","Africa","Ghana","2855","2855","","",""
"Malaria - number of reported deaths","Published","2010","Africa","Mali","3006","3006","","",""
"Malaria - number of reported deaths","Published","2011","Africa","Mozambique","3086","3086","","",""
"Malaria - number of reported deaths","Published","2006","Africa","Ghana","3125","3125","","",""
"Malaria - number of reported deaths","Published","2002","Africa","Rwanda","3167","3167","","",""
"Malaria - number of reported deaths","Published","2012","Africa","Cameroon","3209","3209","","",""
"Malaria - number of reported deaths","Published","2011","Africa","Ghana","3259","3259","","",""
"Malaria - number of reported deaths","Published","2004","Africa","Ethiopia","3327","3327","","",""
"Malaria - number of reported deaths","Published","2011","Africa","Nigeria","3353","3353","","",""
"Malaria - number of reported deaths","Published","2010","Africa","Mozambique","3354","3354","","",""
"Malaria - number of reported deaths","Published","2001","Africa","Malawi","3355","3355","","",""
"Malaria - number of reported deaths","Published","2009","Africa","Ghana","3378","3378","","",""
"Malaria - number of reported deaths","Published","2004","Africa","Malawi","3457","3457","","",""
"Malaria - number of reported deaths","Published","2011","Africa","Sierra Leone","3573","3573","","",""
"Malaria - number of reported deaths","Published","2012","Africa","Sierra Leone","3611","3611","","",""
"Malaria - number of reported deaths","Published","2012","Africa","Zambia","3705","3705","","",""
"Malaria - number of reported deaths","Published","2009","Africa","Mozambique","3747","3747","","",""
"Malaria - number of reported deaths","Published","2008","Africa","Zambia","3781","3781","","",""
"Malaria - number of reported deaths","Published","2011","Africa","Cameroon","3808","3808","","",""
"Malaria - number of reported deaths","Published","2000","Africa","Democratic Republic of the Congo","3856","3856","","",""
"Malaria - number of reported deaths","Published","2010","Africa","Ghana","3859","3859","","",""
"Malaria - number of reported deaths","Published","2009","Africa","Zambia","3862","3862","","",""
"Malaria - number of reported deaths","Published","2008","Africa","Ghana","3889","3889","","",""
"Malaria - number of reported deaths","Published","2010","Africa","Niger","3929","3929","","",""
"Malaria - number of reported deaths","Published","2002","Africa","Burkina Faso","4032","4032","","",""
"Malaria - number of reported deaths","Published","2002","Africa","Nigeria","4092","4092","","",""
"Malaria - number of reported deaths","Published","2004","Africa","Burkina Faso","4205","4205","","",""
"Malaria - number of reported deaths","Published","2001","Africa","Burkina Faso","4233","4233","","",""
"Malaria - number of reported deaths","Published","2010","Africa","Nigeria","4238","4238","","",""
"Malaria - number of reported deaths","Published","2006","Africa","Uganda","4252","4252","","",""
"Malaria - number of reported deaths","Published","2001","Africa","Rwanda","4275","4275","","",""
"Malaria - number of reported deaths","Published","2001","Africa","Nigeria","4317","4317","","",""
"Malaria - number of reported deaths","Published","2008","Africa","Mozambique","4424","4424","","",""
"Malaria - number of reported deaths","Published","2010","Africa","Cameroon","4536","4536","","",""
"Malaria - number of reported deaths","Published","2011","Africa","Zambia","4540","4540","","",""
"Malaria - number of reported deaths","Published","2007","Africa","Ghana","4622","4622","","",""
"Malaria - number of reported deaths","Published","2003","Africa","Malawi","4767","4767","","",""
"Malaria - number of reported deaths","Published","2010","Africa","Zambia","4834","4834","","",""
"Malaria - number of reported deaths","Published","2003","Africa","Burkina Faso","4860","4860","","",""
"Malaria - number of reported deaths","Published","2009","Africa","Cameroon","4943","4943","","",""
"Malaria - number of reported deaths","Published","2005","Africa","Malawi","5070","5070","","",""
"Malaria - number of reported deaths","Published","2005","Africa","Burkina Faso","5224","5224","","",""
"Malaria - number of reported deaths","Published","2003","Africa","Nigeria","5343","5343","","",""
"Malaria - number of reported deaths","Published","2012","Africa","Malawi","5516","5516","","",""
"Malaria - number of reported deaths","Published","2012","Africa","Angola","5736","5736","","",""
"Malaria - number of reported deaths","Published","2002","Africa","Malawi","5775","5775","","",""
"Malaria - number of reported deaths","Published","2007","Africa","Mozambique","5816","5816","","",""
"Malaria - number of reported deaths","Published","2011","Africa","Uganda","5958","5958","","",""
"Malaria - number of reported deaths","Published","2004","Africa","Nigeria","6032","6032","","",""
"Malaria - number of reported deaths","Published","2000","Africa","Ghana","6108","6108","","",""
"Malaria - number of reported deaths","Published","2007","Africa","Zambia","6183","6183","","",""
"Malaria - number of reported deaths","Published","2009","Africa","Uganda","6296","6296","","",""
"Malaria - number of reported deaths","Published","2006","Africa","Malawi","6464","6464","","",""
"Malaria - number of reported deaths","Published","2007","Africa","Burkina Faso","6472","6472","","",""
"Malaria - number of reported deaths","Published","2006","Africa","Zambia","6484","6484","","",""
"Malaria - number of reported deaths","Published","2005","Africa","Nigeria","6494","6494","","",""
"Malaria - number of reported deaths","Published","2012","Africa","Uganda","6585","6585","","",""
"Malaria - number of reported deaths","Published","2006","Africa","Nigeria","6586","6586","","",""
"Malaria - number of reported deaths","Published","2011","Africa","Malawi","6674","6674","","",""
"Malaria - number of reported deaths","Published","2011","Africa","Angola","6909","6909","","",""
"Malaria - number of reported deaths","Published","2011","Africa","Burkina Faso","7001","7001","","",""
"Malaria - number of reported deaths","Published","2007","Africa","Uganda","7003","7003","","",""
"Malaria - number of reported deaths","Published","2007","Africa","Malawi","7486","7486","","",""
"Malaria - number of reported deaths","Published","2009","Africa","Nigeria","7522","7522","","",""
"Malaria - number of reported deaths","Published","2008","Africa","Cameroon","7673","7673","","",""
"Malaria - number of reported deaths","Published","2012","Africa","Nigeria","7734","7734","","",""
"Malaria - number of reported deaths","Published","2005","Africa","Zambia","7737","7737","","",""
"Malaria - number of reported deaths","Published","2012","Africa","United Republic of Tanzania","7820","7820","","",""
"Malaria - number of reported deaths","Published","2008","Africa","Burkina Faso","7834","7834","","",""
"Malaria - number of reported deaths","Published","2012","Africa","Burkina Faso","7963","7963","","",""
"Malaria - number of reported deaths","Published","2009","Africa","Burkina Faso","7982","7982","","",""
"Malaria - number of reported deaths","Published","2008","Africa","Malawi","8048","8048","","",""
"Malaria - number of reported deaths","Published","2006","Africa","Burkina Faso","8083","8083","","",""
"Malaria - number of reported deaths","Published","2010","Africa","Angola","8114","8114","","",""
"Malaria - number of reported deaths","Published","2010","Africa","Sierra Leone","8188","8188","","",""
"Malaria - number of reported deaths","Published","2010","Africa","Malawi","8206","8206","","",""
"Malaria - number of reported deaths","Published","2004","Africa","Zambia","8289","8289","","",""
"Malaria - number of reported deaths","Published","2010","Africa","Uganda","8431","8431","","",""
"Malaria - number of reported deaths","Published","2008","Africa","Nigeria","8677","8677","","",""
"Malaria - number of reported deaths","Published","2009","Africa","Malawi","8915","8915","","",""
"Malaria - number of reported deaths","Published","2002","Africa","Zambia","9021","9021","","",""
"Malaria - number of reported deaths","Published","2010","Africa","Burkina Faso","9024","9024","","",""
"Malaria - number of reported deaths","Published","2003","Africa","Zambia","9178","9178","","",""
"Malaria - number of reported deaths","Published","2001","Africa","Zambia","9369","9369","","",""
"Malaria - number of reported deaths","Published","2008","Africa","Angola","9465","9465","","",""
"Malaria - number of reported deaths","Published","2001","Africa","Angola","9473","9473","","",""
"Malaria - number of reported deaths","Published","2000","Africa","Angola","9510","9510","","",""
"Malaria - number of reported deaths","Published","2007","Africa","Angola","9812","9812","","",""
"Malaria - number of reported deaths","Published","2006","Africa","Angola","10220","10220","","",""
"Malaria - number of reported deaths","Published","2007","Africa","Nigeria","10289","10289","","",""
"Malaria - number of reported deaths","Published","2009","Africa","Angola","10530","10530","","",""
"Malaria - number of reported deaths","Published","2011","Africa","United Republic of Tanzania","11806","11806","","",""
"Malaria - number of reported deaths","Published","2008","Africa","United Republic of Tanzania","12434","12434","","",""
"Malaria - number of reported deaths","Published","2004","Africa","Angola","12459","12459","","",""
"Malaria - number of reported deaths","Published","2007","Africa","United Republic of Tanzania","12593","12593","","",""
"Malaria - number of reported deaths","Published","2006","Africa","Democratic Republic of the Congo","12970","12970","","",""
"Malaria - number of reported deaths","Published","2004","Africa","Democratic Republic of the Congo","13613","13613","","",""
"Malaria - number of reported deaths","Published","2005","Africa","Angola","13768","13768","","",""
"Malaria - number of reported deaths","Published","2007","Africa","Democratic Republic of the Congo","14372","14372","","",""
"Malaria - number of reported deaths","Published","2002","Africa","Angola","14434","14434","","",""
"Malaria - number of reported deaths","Published","2003","Africa","United Republic of Tanzania","15251","15251","","",""
"Malaria - number of reported deaths","Published","2005","Africa","Democratic Republic of the Congo","15322","15322","","",""
"Malaria - number of reported deaths","Published","2010","Africa","United Republic of Tanzania","15867","15867","","",""
"Malaria - number of reported deaths","Published","2009","Africa","United Republic of Tanzania","16776","16776","","",""
"Malaria - number of reported deaths","Published","2008","Africa","Democratic Republic of the Congo","17940","17940","","",""
"Malaria - number of reported deaths","Published","2009","Africa","C?te d'Ivoire","18156","18156","","",""
"Malaria - number of reported deaths","Published","2005","Africa","United Republic of Tanzania","18322","18322","","",""
"Malaria - number of reported deaths","Published","2004","Africa","United Republic of Tanzania","19859","19859","","",""
"Malaria - number of reported deaths","Published","2006","Africa","United Republic of Tanzania","20962","20962","","",""
"Malaria - number of reported deaths","Published","2009","Africa","Democratic Republic of the Congo","21168","21168","","",""
"Malaria - number of reported deaths","Published","2012","Africa","Democratic Republic of the Congo","21601","21601","","",""
"Malaria - number of reported deaths","Published","2010","Africa","Democratic Republic of the Congo","23476","23476","","",""
"Malaria - number of reported deaths","Published","2011","Africa","Democratic Republic of the Congo","23748","23748","","",""
"Malaria - number of reported deaths","Published","2004","Africa","Kenya","25403","25403","","",""
"Malaria - number of reported deaths","Published","2010","Africa","Kenya","26017","26017","","",""
"Malaria - number of reported deaths","Published","2003","Africa","Angola","38598","38598","","",""
"Malaria - number of reported deaths","Published","2006","Africa","Kenya","40079","40079","","",""
"Malaria - number of reported deaths","Published","2005","Africa","Kenya","44328","44328","","",""
"Malaria - number of reported deaths","Published","2002","Africa","Kenya","47697","47697","","",""
"Malaria - number of reported deaths","Published","2001","Africa","Kenya","48286","48286","","",""
"Malaria - number of reported deaths","Published","2000","Africa","Kenya","48767","48767","","",""
"Malaria - number of reported deaths","Published","2003","Africa","Kenya","51842","51842","","",""
